AC	о-в Вознесения
AD	Андорра
AE	ОАЭ
AF	Афганистан
AG	Антигуа и Барбуда
AI	Ангилья
AL	Албания
AM	Армения
AO	Ангола
AR	Аргентина
AS	Американское Самоа
AT	Австрия
AU	Австралия
AW	Аруба
AX	Аландские о-ва
AZ	Азербайджан
BA	Босния и Герцеговина
BB	Барбадос
BD	Бангладеш
BE	Бельгия
BF	Буркина-Фасо
BG	Болгария
BH	Бахрейн
BI	Бурунди
BJ	Бенин
BL	Сен-Бартелеми
BM	Бермудские о-ва
BN	Бруней-Даруссалам
BO	Боливия
BQ	Бонэйр, Синт-Эстатиус и Саба
BR	Бразилия
BS	Багамы
BT	Бутан
BW	Ботсвана
BY	Беларусь
BZ	Белиз
CA	Канада
CC	Кокосовые о-ва
CD	Конго - Киншаса
CF	Центрально-Африканская Республика
CG	Конго - Браззавиль
CH	Швейцария
CI	Кот-д’Ивуар
CK	Острова Кука
CL	Чили
CM	Камерун
CN	Китай
CO	Колумбия
CR	Коста-Рика
CU	Куба
CV	Кабо-Верде
CW	Кюрасао
CX	о-в Рождества
CY	Кипр
CZ	Чехия
DE	Германия
DJ	Джибути
DK	Дания
DM	Доминика
DO	Доминиканская Республика
DZ	Алжир
EC	Эквадор
EE	Эстония
EG	Египет
ER	Эритрея
ES	Испания
ET	Эфиопия
FI	Финляндия
FJ	Фиджи
FK	Фолклендские о-ва
FM	Федеративные Штаты Микронезии
FO	Фарерские о-ва
FR	Франция
GA	Габон
GB	Великобритания
GD	Гренада
GE	Грузия
GF	Французская Гвиана
GG	Гернси
GH	Гана
GI	Гибралтар
GL	Гренландия
GM	Гамбия
GN	Гвинея
GP	Гваделупа
GQ	Экваториальная Гвинея
GR	Греция
GT	Гватемала
GU	Гуам
GW	Гвинея-Бисау
GY	Гайана
HK	Гонконг (САР)
HN	Гондурас
HR	Хорватия
HT	Гаити
HU	Венгрия
ID	Индонезия
IE	Ирландия
IL	Израиль
IM	о-в Мэн
IN	Индия
IO	Британская территория в Индийском океане
IQ	Ирак
IR	Иран
IS	Исландия
IT	Италия
JE	Джерси
JM	Ямайка
JO	Иордания
JP	Япония
KE	Кения
KG	Киргизия
KH	Камбоджа
KI	Кирибати
KM	Коморы
KN	Сент-Китс и Невис
KP	КНДР
KR	Республика Корея
KW	Кувейт
KY	Острова Кайман
KZ	Казахстан
LA	Лаос
LB	Ливан
LC	Сент-Люсия
LI	Лихтенштейн
LK	Шри-Ланка
LR	Либерия
LS	Лесото
LT	Литва
LU	Люксембург
LV	Латвия
LY	Ливия
MA	Марокко
MC	Монако
MD	Молдова
ME	Черногория
MF	Сен-Мартен
MG	Мадагаскар
MH	Маршалловы Острова
MK	Северная Македония
ML	Мали
MM	Мьянма (Бирма)
MN	Монголия
MO	Макао (САР)
MP	Северные Марианские о-ва
MQ	Мартиника
MR	Мавритания
MS	Монтсеррат
MT	Мальта
MU	Маврикий
MV	Мальдивы
MW	Малави
MX	Мексика
MY	Малайзия
MZ	Мозамбик
NA	Намибия
NC	Новая Каледония
NE	Нигер
NF	о-в Норфолк
NG	Нигерия
NI	Никарагуа
NL	Нидерланды
NO	Норвегия
NP	Непал
NR	Науру
NU	Ниуэ
NZ	Новая Зеландия
OM	Оман
PA	Панама
PE	Перу
PF	Французская Полинезия
PG	Папуа — Новая Гвинея
PH	Филиппины
PK	Пакистан
PL	Польша
PM	Сен-Пьер и Микелон
PR	Пуэрто-Рико
PS	Палестинские территории
PT	Португалия
PW	Палау
PY	Парагвай
QA	Катар
RE	Реюньон
RO	Румыния
RS	Сербия
RU	Россия
RW	Руанда
SA	Саудовская Аравия
SB	Соломоновы Острова
SC	Сейшельские Острова
SD	Судан
SE	Швеция
SG	Сингапур
SH	о-в Св. Елены
SI	Словения
SJ	Шпицберген и Ян-Майен
SK	Словакия
SL	Сьерра-Леоне
SM	Сан-Марино
SN	Сенегал
SO	Сомали
SR	Суринам
SS	Южный Судан
ST	Сан-Томе и Принсипи
SV	Сальвадор
SX	Синт-Мартен
SY	Сирия
SZ	Эсватини
TC	о-ва Тёркс и Кайкос
TD	Чад
TG	Того
TH	Таиланд
TJ	Таджикистан
TK	Токелау
TL	Восточный Тимор
TM	Туркменистан
TN	Тунис
TO	Тонга
TR	Турция
TT	Тринидад и Тобаго
TV	Тувалу
TW	Тайвань
TZ	Танзания
UA	Украина
UG	Уганда
US	Соединенные Штаты
UY	Уругвай
UZ	Узбекистан
VA	Ватикан
VC	Сент-Винсент и Гренадины
VE	Венесуэла
VG	Виргинские о-ва (Великобритания)
VI	Виргинские о-ва (США)
VN	Вьетнам
VU	Вануату
WF	Уоллис и Футуна
WS	Самоа
XK	Косово
YE	Йемен
YT	Майотта
ZA	Южно-Африканская Республика
ZM	Замбия
ZW	Зимбабве
