AC	アセンション島
AD	アンドラ
AE	アラブ首長国連邦
AF	アフガニスタン
AG	アンティグア・バーブーダ
AI	アンギラ
AL	アルバニア
AM	アルメニア
AO	アンゴラ
AR	アルゼンチン
AS	米領サモア
AT	オーストリア
AU	オーストラリア
AW	アルバ
AX	オーランド諸島
AZ	アゼルバイジャン
BA	ボスニア・ヘルツェゴビナ
BB	バルバドス
BD	バングラデシュ
BE	ベルギー
BF	ブルキナファソ
BG	ブルガリア
BH	バーレーン
BI	ブルンジ
BJ	ベナン
BL	サン・バルテルミー
BM	バミューダ
BN	ブルネイ
BO	ボリビア
BQ	オランダ領カリブ
BR	ブラジル
BS	バハマ
BT	ブータン
BW	ボツワナ
BY	ベラルーシ
BZ	ベリーズ
CA	カナダ
CC	ココス(キーリング)諸島
CD	コンゴ民主共和国(キンシャサ)
CF	中央アフリカ共和国
CG	コンゴ共和国(ブラザビル)
CH	スイス
CI	コートジボワール
CK	クック諸島
CL	チリ
CM	カメルーン
CN	中国
CO	コロンビア
CR	コスタリカ
CU	キューバ
CV	カーボベルデ
CW	キュラソー
CX	クリスマス島
CY	キプロス
CZ	チェコ
DE	ドイツ
DJ	ジブチ
DK	デンマーク
DM	ドミニカ国
DO	ドミニカ共和国
DZ	アルジェリア
EC	エクアドル
EE	エストニア
EG	エジプト
ER	エリトリア
ES	スペイン
ET	エチオピア
FI	フィンランド
FJ	フィジー
FK	フォークランド諸島
FM	ミクロネシア連邦
FO	フェロー諸島
FR	フランス
GA	ガボン
GB	イギリス
GD	グレナダ
GE	ジョージア
GF	仏領ギアナ
GG	ガーンジー
GH	ガーナ
GI	ジブラルタル
GL	グリーンランド
GM	ガンビア
GN	ギニア
GP	グアドループ
GQ	赤道ギニア
GR	ギリシャ
GT	グアテマラ
GU	グアム
GW	ギニアビサウ
GY	ガイアナ
HK	中華人民共和国香港特別行政区
HN	ホンジュラス
HR	クロアチア
HT	ハイチ
HU	ハンガリー
ID	インドネシア
IE	アイルランド
IL	イスラエル
IM	マン島
IN	インド
IO	英領インド洋地域
IQ	イラク
IR	イラン
IS	アイスランド
IT	イタリア
JE	ジャージー
JM	ジャマイカ
JO	ヨルダン
JP	日本
KE	ケニア
KG	キルギス
KH	カンボジア
KI	キリバス
KM	コモロ
KN	セントクリストファー・ネーヴィス
KP	北朝鮮
KR	韓国
KW	クウェート
KY	ケイマン諸島
KZ	カザフスタン
LA	ラオス
LB	レバノン
LC	セントルシア
LI	リヒテンシュタイン
LK	スリランカ
LR	リベリア
LS	レソト
LT	リトアニア
LU	ルクセンブルク
LV	ラトビア
LY	リビア
MA	モロッコ
MC	モナコ
MD	モルドバ
ME	モンテネグロ
MF	サン・マルタン
MG	マダガスカル
MH	マーシャル諸島
MK	北マケドニア
ML	マリ
MM	ミャンマー (ビルマ)
MN	モンゴル
MO	中華人民共和国マカオ特別行政区
MP	北マリアナ諸島
MQ	マルティニーク
MR	モーリタニア
MS	モントセラト
MT	マルタ
MU	モーリシャス
MV	モルディブ
MW	マラウイ
MX	メキシコ
MY	マレーシア
MZ	モザンビーク
NA	ナミビア
NC	ニューカレドニア
NE	ニジェール
NF	ノーフォーク島
NG	ナイジェリア
NI	ニカラグア
NL	オランダ
NO	ノルウェー
NP	ネパール
NR	ナウル
NU	ニウエ
NZ	ニュージーランド
OM	オマーン
PA	パナマ
PE	ペルー
PF	仏領ポリネシア
PG	パプアニューギニア
PH	フィリピン
PK	パキスタン
PL	ポーランド
PM	サンピエール島・ミクロン島
PR	プエルトリコ
PS	パレスチナ自治区
PT	ポルトガル
PW	パラオ
PY	パラグアイ
QA	カタール
RE	レユニオン
RO	ルーマニア
RS	セルビア
RU	ロシア
RW	ルワンダ
SA	サウジアラビア
SB	ソロモン諸島
SC	セーシェル
SD	スーダン
SE	スウェーデン
SG	シンガポール
SH	セントヘレナ
SI	スロベニア
SJ	スバールバル諸島・ヤンマイエン島
SK	スロバキア
SL	シエラレオネ
SM	サンマリノ
SN	セネガル
SO	ソマリア
SR	スリナム
SS	南スーダン
ST	サントメ・プリンシペ
SV	エルサルバドル
SX	シント・マールテン
SY	シリア
SZ	エスワティニ
TC	タークス・カイコス諸島
TD	チャド
TG	トーゴ
TH	タイ
TJ	タジキスタン
TK	トケラウ
TL	東ティモール
TM	トルクメニスタン
TN	チュニジア
TO	トンガ
TR	トルコ
TT	トリニダード・トバゴ
TV	ツバル
TW	台湾
TZ	タンザニア
UA	ウクライナ
UG	ウガンダ
US	アメリカ合衆国
UY	ウルグアイ
UZ	ウズベキスタン
VA	バチカン市国
VC	セントビンセント及びグレナディーン諸島
VE	ベネズエラ
VG	英領ヴァージン諸島
VI	米領ヴァージン諸島
VN	ベトナム
VU	バヌアツ
WF	ウォリス・フツナ
WS	サモア
XK	コソボ
YE	イエメン
YT	マヨット
ZA	南アフリカ
ZM	ザンビア
ZW	ジンバブエ
