[
  {
    "name": "Alto de Pinheiros",
    "center": {
      "lng": -46.711909571631836,
      "lat": -23.54759518552753
    },
    "radius": 2665.9031989196
  },
  {
    "name": "Água Rasa",
    "center": {
      "lng": -46.57185087907531,
      "lat": -23.566880872351366
    },
    "radius": 2541.3137373484
  },
  {
    "name": "Barra Funda",
    "center": {
      "lng": -46.67392114656923,
      "lat": -23.521260031091387
    },
    "radius": 2581.0377463838
  },
  {
    "name": "Bela Vista",
    "center": {
      "lng": -46.64733360569109,
      "lat": -23.560814999395
    },
    "radius": 1659.8628275871
  },
  {
    "name": "Bom Retiro",
    "center": {
      "lng": -46.63683304689925,
      "lat": -23.526006385268786
    },
    "radius": 1878.8745076856
  },
  {
    "name": "Brás",
    "center": {
      "lng": -46.61749349436305,
      "lat": -23.54368510010738
    },
    "radius": 1707.51481652
  },
  {
    "name": "Cambuci",
    "center": {
      "lng": -46.616897855256,
      "lat": -23.56433713669327
    },
    "radius": 1847.2722643938
  },
  {
    "name": "Campo Limpo",
    "center": {
      "lng": -46.763491646229944,
      "lat": -23.635842053557123
    },
    "radius": 3728.2312805709
  },
  {
    "name": "Consolação",
    "center": {
      "lng": -46.6600747071678,
      "lat": -23.548625430261
    },
    "radius": 1944.6444466915
  },
  {
    "name": "Ipiranga",
    "center": {
      "lng": -46.60288399929131,
      "lat": -23.591711096512622
    },
    "radius": 3273.6300739746
  },
  {
    "name": "Itaim Bibi",
    "center": {
      "lng": -46.685418666808644,
      "lat": -23.602060006547344
    },
    "radius": 3178.5601928119
  },
  {
    "name": "Jardim Paulista",
    "center": {
      "lng": -46.66677702923777,
      "lat": -23.56636580573794
    },
    "radius": 2521.324272869
  },
  {
    "name": "Lapa",
    "center": {
      "lng": -46.705889150113414,
      "lat": -23.522583562449853
    },
    "radius": 2782.5089772256
  },
  {
    "name": "Liberdade",
    "center": {
      "lng": -46.631788802850906,
      "lat": -23.566928303436665
    },
    "radius": 1642.4786254672
  },
  {
    "name": "Moema",
    "center": {
      "lng": -46.66147861203957,
      "lat": -23.59603082517506
    },
    "radius": 2921.0034078124
  },
  {
    "name": "Mooca",
    "center": {
      "lng": -46.59632085279201,
      "lat": -23.561455474708463
    },
    "radius": 2737.8562087617
  },
  {
    "name": "Morumbi",
    "center": {
      "lng": -46.7079637726963,
      "lat": -23.59625058691694
    },
    "radius": 3236.7899163942
  },
  {
    "name": "Pari",
    "center": {
      "lng": -46.61741128123875,
      "lat": -23.527201535453017
    },
    "radius": 1377.8397010515
  },
  {
    "name": "Perdizes",
    "center": {
      "lng": -46.68085603734869,
      "lat": -23.538701612265463
    },
    "radius": 2362.0376258255
  },
  {
    "name": "Pinheiros",
    "center": {
      "lng": -46.68867303945228,
      "lat": -23.56640823055808
    },
    "radius": 2897.0124534212
  },
  {
    "name": "República",
    "center": {
      "lng": -46.64091745215217,
      "lat": -23.5449223120055
    },
    "radius": 1413.3068559626
  },
  {
    "name": "Sacomã",
    "center": {
      "lng": -46.59817656793727,
      "lat": -23.630682088437354
    },
    "radius": 3749.2192304239
  },
  {
    "name": "Santa Cecília",
    "center": {
      "lng": -46.652686905963535,
      "lat": -23.531978201606755
    },
    "radius": 1787.9728311584
  },
  {
    "name": "Santo Amaro",
    "center": {
      "lng": -46.701265129387664,
      "lat": -23.642343614760517
    },
    "radius": 3718.8624210905
  },
  {
    "name": "Sé",
    "center": {
      "lng": -46.631452847887196,
      "lat": -23.547553981161354
    },
    "radius": 1358.0149250912
  },
  {
    "name": "Tatuapé",
    "center": {
      "lng": -46.56734816195419,
      "lat": -23.538619806087137
    },
    "radius": 2628.7548003189
  },
  {
    "name": "Vila Andrade",
    "center": {
      "lng": -46.7283253718966,
      "lat": -23.626238353888343
    },
    "radius": 3087.4591572812
  },
  {
    "name": "Vila Mariana",
    "center": {
      "lng": -46.63592043893255,
      "lat": -23.586436513842898
    },
    "radius": 2686.3981935677
  }
]
