AC	Kisiwa cha Ascension
AD	Andorra
AE	Falme za Kiarabu
AF	Afghanistan
AG	Antigua na Barbuda
AI	Anguilla
AL	Albania
AM	Armenia
AO	Angola
AR	Ajentina
AS	Samoa ya Marekani
AT	Austria
AU	Australia
AW	Aruba
AX	Visiwa vya Aland
AZ	Azerbaijani
BA	Bosnia na Hezegovina
BB	Babadosi
BD	Bangladeshi
BE	Ubelgiji
BF	Bukinafaso
BG	Bulgaria
BH	Bahareni
BI	Burundi
BJ	Benin
BL	St. Barthelemy
BM	Bermuda
BN	Brunei
BO	Bolivia
BQ	Uholanzi ya Karibiani
BR	Brazil
BS	Bahama
BT	Bhutan
BW	Botswana
BY	Belarus
BZ	Belize
CA	Kanada
CC	Visiwa vya Cocos (Keeling)
CD	Jamhuri ya Kidemokrasia ya Kongo
CF	Jamhuri ya Afrika ya Kati
CG	Kongo - Brazzaville
CH	Uswisi
CI	Cote d’Ivoire
CK	Visiwa vya Cook
CL	Chile
CM	Kameruni
CN	Uchina
CO	Kolombia
CR	Kostarika
CU	Cuba
CV	Cape Verde
CW	Curacao
CX	Kisiwa cha Krismasi
CY	Cyprus
CZ	Chechia
DE	Ujerumani
DJ	Jibuti
DK	Denmark
DM	Dominika
DO	Jamhuri ya Dominika
DZ	Aljeria
EC	Ecuador
EE	Estonia
EG	Misri
ER	Eritrea
ES	Uhispania
ET	Ethiopia
FI	Ufini
FJ	Fiji
FK	Visiwa vya Falkland
FM	Micronesia
FO	Visiwa vya Faroe
FR	Ufaransa
GA	Gabon
GB	Ufalme wa Muungano
GD	Grenada
GE	Jojia
GF	Guiana ya Ufaransa
GG	Guernsey
GH	Ghana
GI	Gibraltar
GL	Greenland
GM	Gambia
GN	Gine
GP	Guadeloupe
GQ	Guinea ya Ikweta
GR	Ugiriki
GT	Guatemala
GU	Guam
GW	Ginebisau
GY	Guyana
HK	Hong Kong SAR China
HN	Honduras
HR	Croatia
HT	Haiti
HU	Hungaria
ID	Indonesia
IE	Ayalandi
IL	Israeli
IM	Kisiwa cha Man
IN	India
IO	Eneo la Uingereza katika Bahari Hindi
IQ	Iraki
IR	Iran
IS	Aisilandi
IT	Italia
JE	Jersey
JM	Jamaika
JO	Jordan
JP	Japani
KE	Kenya
KG	Kirigizistani
KH	Kambodia
KI	Kiribati
KM	Komoro
KN	St. Kitts na Nevis
KP	Korea Kaskazini
KR	Korea Kusini
KW	Kuwait
KY	Visiwa vya Cayman
KZ	Kazakistani
LA	Laos
LB	Lebanon
LC	St. Lucia
LI	Liechtenstein
LK	Sri Lanka
LR	Liberia
LS	Lesoto
LT	Lithuania
LU	Luxembourg
LV	Latvia
LY	Libya
MA	Morocco
MC	Monaco
MD	Moldova
ME	Montenegro
MF	St. Martin
MG	Madagaska
MH	Visiwa vya Marshall
MK	Masedonia ya Kaskazini
ML	Mali
MM	Myanmar (Burma)
MN	Mongolia
MO	Makau SAR China
MP	Visiwa vya Mariana vya Kaskazini
MQ	Martinique
MR	Moritania
MS	Montserrat
MT	Malta
MU	Morisi
MV	Maldives
MW	Malawi
MX	Meksiko
MY	Malesia
MZ	Msumbiji
NA	Namibia
NC	New Caledonia
NE	Niger
NF	Kisiwa cha Norfolk
NG	Nigeria
NI	Nikaragwa
NL	Uholanzi
NO	Norway
NP	Nepal
NR	Nauru
NU	Niue
NZ	Nyuzilandi
OM	Oman
PA	Panama
PE	Peru
PF	Polynesia ya Ufaransa
PG	Papua New Guinea
PH	Ufilipino
PK	Pakistani
PL	Poland
PM	Santapierre na Miquelon
PR	Puerto Rico
PS	Maeneo ya Palestina
PT	Ureno
PW	Palau
PY	Paraguay
QA	Qatar
RE	Reunion
RO	Romania
RS	Serbia
RU	Urusi
RW	Rwanda
SA	Saudia
SB	Visiwa vya Solomon
SC	Ushelisheli
SD	Sudan
SE	Uswidi
SG	Singapore
SH	St. Helena
SI	Slovenia
SJ	Svalbard na Jan Mayen
SK	Slovakia
SL	Siera Leoni
SM	San Marino
SN	Senegali
SO	Somalia
SR	Suriname
SS	Sudan Kusini
ST	São Tomé na Príncipe
SV	El Salvador
SX	Sint Maarten
SY	Syria
SZ	Uswazi
TC	Visiwa vya Turks na Caicos
TD	Chad
TG	Togo
TH	Tailandi
TJ	Tajikistani
TK	Tokelau
TL	Timor-Leste
TM	Turkmenistan
TN	Tunisia
TO	Tonga
TR	Uturuki
TT	Trinidad na Tobago
TV	Tuvalu
TW	Taiwan
TZ	Tanzania
UA	Ukraine
UG	Uganda
US	Marekani
UY	Uruguay
UZ	Uzibekistani
VA	Mji wa Vatican
VC	St. Vincent na Grenadines
VE	Venezuela
VG	Visiwa vya Virgin, Uingereza
VI	Visiwa vya Virgin, Marekani
VN	Vietnam
VU	Vanuatu
WF	Wallis na Futuna
WS	Samoa
XK	Kosovo
YE	Yemeni
YT	Mayotte
ZA	Afrika Kusini
ZM	Zambia
ZW	Zimbabwe
