[
  {
    "name": "Aricanduva",
    "center": {
      "lng": -46.515686651508176,
      "lat": -23.573910370136858
    },
    "radius": 2508.4777424947
  },
  {
    "name": "Artur Alvim",
    "center": {
      "lng": -46.485831574755565,
      "lat": -23.540211924913173
    },
    "radius": 2270.5177163944
  },
  {
    "name": "Butantã",
    "center": {
      "lng": -46.726201636957505,
      "lat": -23.570173403240865
    },
    "radius": 3676.595618327
  },
  {
    "name": "Campo Grande",
    "center": {
      "lng": -46.68751470054048,
      "lat": -23.67452685460121
    },
    "radius": 3452.9791436911
  },
  {
    "name": "Capão Redondo",
    "center": {
      "lng": -46.780502974960896,
      "lat": -23.668758212377913
    },
    "radius": 3713.9797103844
  },
  {
    "name": "Carrão",
    "center": {
      "lng": -46.538369178604235,
      "lat": -23.551175445908854
    },
    "radius": 2879.4350768734
  },
  {
    "name": "Casa Verde",
    "center": {
      "lng": -46.65735126400844,
      "lat": -23.50100146992184
    },
    "radius": 2470.922573187
  },
  {
    "name": "Freguesia do Ó",
    "center": {
      "lng": -46.69726937032768,
      "lat": -23.486277787026324
    },
    "radius": 3493.8879377494
  },
  {
    "name": "Itaquera",
    "center": {
      "lng": -46.45584615584532,
      "lat": -23.533898667046834
    },
    "radius": 3445.4296790696
  },
  {
    "name": "Jaguara",
    "center": {
      "lng": -46.74712722526721,
      "lat": -23.511085166638853
    },
    "radius": 2432.7917114109
  },
  {
    "name": "Limão",
    "center": {
      "lng": -46.67585472776287,
      "lat": -23.49762798344247
    },
    "radius": 2378.3661475669
  },
  {
    "name": "Santana",
    "center": {
      "lng": -46.630330753539,
      "lat": -23.499904952107663
    },
    "radius": 3189.0008854107
  },
  {
    "name": "Sapopemba",
    "center": {
      "lng": -46.509533685451174,
      "lat": -23.605581808883613
    },
    "radius": 3589.7599930586
  },
  {
    "name": "Saúde",
    "center": {
      "lng": -46.64125531805954,
      "lat": -23.614490137281408
    },
    "radius": 2673.5915067721
  },
  {
    "name": "São Mateus",
    "center": {
      "lng": -46.48122794208125,
      "lat": -23.60017991239393
    },
    "radius": 3780.1871779643
  },
  {
    "name": "Tucuruvi",
    "center": {
      "lng": -46.60600313052857,
      "lat": -23.475673692793798
    },
    "radius": 2973.6612338156
  },
  {
    "name": "Vila Formosa",
    "center": {
      "lng": -46.54599718939733,
      "lat": -23.567782435116154
    },
    "radius": 2886.2540964427
  },
  {
    "name": "Vila Guilherme",
    "center": {
      "lng": -46.60569771860367,
      "lat": -23.509253074302123
    },
    "radius": 2454.9726704805
  },
  {
    "name": "Vila Matilde",
    "center": {
      "lng": -46.51818253704399,
      "lat": -23.539481643557725
    },
    "radius": 3200.1088612937
  },
  {
    "name": "Vila Medeiros",
    "center": {
      "lng": -46.57753913173843,
      "lat": -23.488726842258888
    },
    "radius": 2667.6949894314
  }
]
